{"input_dim": 176, "num_classes": 3, "classes": ["BenignPositive", "FalsePositive", "TruePositive"], "best_val_f1": 0.9170368093027964, "test_f1": 0.9081578709881651}